aaron.lee@rackspace.com wwkeyboard@gmail.com 
abogott@wikimedia.org ABogott@WikiMedia.org 
acs@parvuscaptus.com andrew@cloudscaling.com 
adam.gandelman@canonical.com adamg@canonical.com 
aloga@ifca.unican.es aloga@ifca.unican.es 
anne@openstack.org anne.gentle@rackspace.com 
anne@openstack.org anne@openstack.org 
anotherjesse@gmail.com jesse@aire.local 
anotherjesse@gmail.com jesse@dancelamb 
anotherjesse@gmail.com jesse@gigantor.local 
anotherjesse@gmail.com jesse@ubuntu 
ant@openstack.org amesserl@rackspace.com 
Armando.Migliaccio@eu.citrix.com amigliaccio@internap.com 
Armando.Migliaccio@eu.citrix.com armando.migliaccio@citrix.com 
asomya@cisco.com asomya@cisco.com 
brian.lamar@rackspace.com brian.lamar@gmail.com 
brian.lamar@rackspace.com brian.lamar@rackspace.com 
brian.waldon@rackspace.com bcwaldon@gmail.com 
bschott@isi.edu bfschott@gmail.com 
btorch@gmail.com marcelo.martins@rackspace.com 
cbehrens@codestud.com chris.behrens@rackspace.com 
chiradeep@cloud.com chiradeep@chiradeep-lt2 
chmouel@enovance.com chmouel@chmouel.com 
chris@pistoncloud.com chris@slicehost.com 
clay.gerrard@gmail.com clayg@clayg-desktop 
clay.gerrard@gmail.com clay.gerrard@gmail.com 
clay.gerrard@gmail.com clay.gerrard@rackspace.com 
code@term.ie code@term.ie 
code@term.ie github@anarkystic.com 
code@term.ie termie@preciousroy.local 
corywright@gmail.com cory.wright@rackspace.com 
cory.wright@rackspace.com corywright@gmail.com 
dan@nicira.com dan@nicira.com 
dan@nicira.com danwent@dan-xs3-cs 
dan@nicira.com danwent@gmail.com 
dave.walker@canonical.com Dave.Walker@Canonical.com 
dave.walker@canonical.com DaveWalker@ubuntu.com 
Dave.Walker@canonical.com DaveWalker@ubuntu.com 
david.goetz@rackspace.com david.goetz@gmail.com 
david.goetz@rackspace.com dpgoetz@gmail.com 
davidh@il.ibm.com david.hadas@gmail.com 
derekh@redhat.com higginsd@gmail.com 
devin.carlen@gmail.com devcamcar@illian.local 
dims@linux.vnet.ibm.com davanum@gmail.com 
dolph.mathews@rackspace.com dolph.mathews@gmail.com 
doug.hellmann@dreamhost.com doug.hellmann@gmail.com 
dprince@redhat.com dan.prince@rackspace.com 
dtroyer@gmail.com dt-github@xr7.org 
dukov@mirantis.com dukov@mirantis.com 
dweimer@gmail.com dougw@sdsc.edu 
edouard1.thuleau@orange.com thuleau@gmail.com 
edouard.thuleau@orange.com thuleau@gmail.com 
ewan.mellor@citrix.com emellor@silver 
gareth@unitedstack.com academicgareth@gmail.com 
ghe@debian.org ghe.rivero@gmail.com 
ghe@debian.org ghe.rivero@stackops.com 
gholt@rackspace.com devnull@brim.net 
gholt@rackspace.com gholt@brim.net 
gholt@rackspace.com gregory.holt+launchpad.net@gmail.com 
gholt@rackspace.com z-github@brim.net 
gholt@rackspace.com z-launchpad@brim.net 
github@highbridgellc.com gihub@highbridgellc.com 
github@highbridgellc.com ziad.sawalha@rackspace.com 
greglange@gmail.com glange@rackspace.com 
greglange@gmail.com greglange+launchpad@gmail.com 
ikharin@mirantis.com akscram@gmail.com 
ilyaalekseyev@acm.org ialekseev@griddynamics.com 
ilyaalekseyev@acm.org ilya@oscloud.ru 
itoumsn@nttdata.co.jp itoumsn@shayol 
jake@ansolabs.com admin@jakedahn.com 
jake@ansolabs.com jake@ansolabs.com 
jake@ansolabs.com jake@markupisart.com 
jason@koelker.net jason@koelker.net 
jaypipes@gmail.com jpipes@serialcoder 
jaypipes@gmail.com jpipes@uberbox.gateway.2wire.net 
jeblair@hp.com corvus@gnu.org 
jeblair@hp.com corvus@inaugust.com 
jeblair@hp.com james.blair@rackspace.com 
jeblair@openstack.org james.blair@rackspace.com 
jhtran@att.com jtran@attinteractive.com 
jiajun@unitedstack.com iamljj@gmail.com 
jian.wen@canonical.com jian.wen@ubuntu.com 
jian.wen@canonical.com wenjianhn@gmail.com 
jmckenty@gmail.com jmckenty@joshua-mckentys-macbook-pro.local 
jmckenty@gmail.com jmckenty@yyj-dhcp171.corp.flock.com 
jmckenty@gmail.com joshua.mckenty@nasa.gov 
joe.gordon0@gmail.com jogo@cloudscaling.com 
joe@swiftstack.com joe@cloudscaling.com 
johannes.erdfelt@rackspace.com johannes@compute3.221.st 
john.eo@rackspace.com john.eo@gmail.com 
john.griffith@solidfire.com john.griffith8@gmail.com 
john.griffith@solidfire.com john.griffith@solidfire.com 
josh@jk0.org josh.kearney@rackspace.com 
josh.kearney@pistoncloud.com josh@jk0.org 
josh.kearney@pistoncloud.com josh.kearney@rackspace.com 
jsuh@isi.edu jsuh@bespin 
jtran@attinteractive.com jhtran@att.com 
julien@danjou.info julien.danjou@enovance.com 
justin@fathomdb.com justin@fathomdb.com 
justin@fathomdb.com justinsb@justinsb-desktop 
justin@fathomdb.com superstack@superstack.org 
ken.pepple@gmail.com ken.pepple@rabbityard.com 
ke.wu@ibeca.me ke.wu@nebula.com 
khaled.hussein@rackspace.com khaled.hussein@gmail.com 
kshileev@gmail.com kshileev@griddynamics.com 
launchpad@markgius.com mgius7096@gmail.com 
letterj@gmail.com letterj@racklabs.com 
liem_m_nguyen@hp.com liem.m.nguyen@gmail.com 
liem_m_nguyen@hp.com liem.m.nguyen@hp.com 
lorin@nimbisservices.com lorin@isi.edu 
lrqrun@gmail.com lrqrun@gmail.com 
masumotok@nttdata.co.jp masumotok@nttdata.co.jp 
masumotok@nttdata.co.jp root@openstack2-api 
matt.dietz@rackspace.com matt.dietz@rackspace.com 
matt.dietz@rackspace.com matthewdietz@Matthew-Dietzs-MacBook-Pro.local 
matt.dietz@rackspace.com mdietz@openstack 
meizu647@gmail.com meizu647@gmail.com 
me@not.mn john.dickinson@rackspace.com 
mikal@stillhq.com michael.still@canonical.com 
mike@weirdlooking.com michael.barton@rackspace.com 
mike@weirdlooking.com mike-launchpad@weirdlooking.com 
mordred@inaugust.com mordred@hudson 
mshuler@gmail.com mshuler@rackspace.com 
naveedm9@gmail.com naveed.massjouni@rackspace.com 
nsokolov@griddynamics.com nsokolov@griddynamics.net 
paul@openstack.org paul@substation9.com 
paul@openstack.org paul.voccio@rackspace.com 
paul@openstack.org pvoccio@castor.local 
philip.knouff@mailtrust.com philip.knouff@mailtrust.com 
rconradharris@gmail.com rick.harris@rackspace.com 
rconradharris@gmail.com rick@quasar.racklabs.com 
reldan@oscloud.ru enugaev@griddynamics.com 
renuka.apte@citrix.com renuka.apte@citrix.com 
rick@openstack.org rclark@chat-blanc 
rjuvvadi@hcl.com ramana@venus.lekha.org 
rjuvvadi@hcl.com rrjuvvadi@gmail.com 
rlane@wikimedia.org laner@controller 
rnirmal@gmail.com nirmal.ranganathan@rackspace.com 
rnirmal@gmail.com nirmal.ranganathan@rackspace.coom 
russ@crynwr.com nelson@nelson-laptop 
salvatore.orlando@eu.citrix.com salv.orlando@gmail.com 
salvatore.orlando@eu.citrix.com sorlando@nicira.com 
sam@swiftstack.com spam@andcheese.org 
sandy.walsh@rackspace.com sandy@sandywalsh.com 
sandy.walsh@rackspace.com sandy.walsh@rackspace.com 
sateesh.chodapuneedi@citrix.com sateesh.chodapuneedi@citrix.com 
sirish.bitra@gmail.com root@bsirish.(none) 
sirish.bitra@gmail.com sirish.bitra@gmail.com 
sleepsonthefloor@gmail.com root@tonbuntu 
sleepsonthefloor@gmail.com sleepsonthefloor@gmail.com 
soren.hansen@rackspace.com soren@linux2go.dk 
soren.hansen@rackspace.com soren@openstack.org 
sorenhansen@rackspace.com sorhanse@cisco.com 
soren@linux2go.dk soren.hansen@rackspace.com 
soren@linux2go.dk sorhanse@cisco.com 
syn@ronin.io florian.hines@gmail.com 
throughnothing@gmail.com will.wolf@rackspace.com 
tim.simpson@rackspace.com tim.simpson4@gmail.com 
todd@ansolabs.com todd@lapex 
todd@ansolabs.com todd@rubidine.com 
todd@ansolabs.com xtoddx@gmail.com 
trey.morris@rackspace.com treyemorris@gmail.com 
troy.toman@rackspace.com ttcl@mac.com 
tushar.vitthal.patil@gmail.com tpatil@vertex.co.in 
ueno.nachi@lab.ntt.co.jp nati.ueno@gmail.com 
ueno.nachi@lab.ntt.co.jp nova@u4 
ueno.nachi@lab.ntt.co.jp openstack@lab.ntt.co.jp 
ueno.nachi@lab.ntt.co.jp ueno.nachi@lab.ntt.co.jp 
victor.rodionov@nexenta.com vito.ordaz@gmail.com 
vishvananda@gmail.com root@mirror.nasanebula.net 
vishvananda@gmail.com root@ubuntu 
vishvananda@gmail.com vishvananda@yahoo.com 
xtoddx@gmail.com todd@rubidine.com 
xychu2008@gmail.com xchu@redhat.com 
xyj.asmy@gmail.com xyj.asmy@gmail.com 
yaguang.tang@canonical.com heut2008@gmail.com 
yaguang.wang@intel.com yaguang.wang@intel.com 
yolanda.robla@canonical.com yolanda.robla@canonical.com 
yorik.sar@gmail.com yorik@ytaraday 
zhongyue.nah@intel.com lzyeval@gmail.com 
zulcss@ubuntu.com chuck.short@canonical.com 
